{
  "rotation_matrix": [
    [
      0.9996222535568503,
      0.027475024010727427,
      -0.0006879313440291152
    ],
    [
      -0.027475024010727427,
      0.998369430286956,
      -0.05003602426361875
    ],
    [
      -0.0006879313440291152,
      0.05003602426361875,
      0.9987471767301057
    ]
  ],
  "quarters": [
    {
      "quarter": "Q0",
      "angle_start": 15.0,
      "angle_end": 105.0,
      "notes": [
        "O2",
        "O1",
        "O0"
      ],
      "bbox_size": [
        326.61432573844274,
        221.59571191582432,
        259.97032633823096
      ],
      "bbox_min": [
        -73.5925385124252,
        -194.16516977767762,
        -2.2519513189977687
      ],
      "bbox_max": [
        253.02178722601752,
        27.43054213814669,
        257.7183750192332
      ],
      "fits_p1s": false,
      "n_vertices": 103280,
      "n_faces": 198368,
      "obj_path": "data/quarters/quarter_Q0.obj",
      "stl_path": "data/quarters/quarter_Q0.stl"
    }
  ]
}