{
  "rotation_matrix": [
    [
      0.9999997338587345,
      -0.0004313092173173296,
      -0.0005884342097929757
    ],
    [
      0.0005884342097929757,
      0.9536179892210069,
      0.3010189103349896
    ],
    [
      0.0004313092173173296,
      -0.3010191764762551,
      0.9536179892210069
    ]
  ],
  "sections": [
    {
      "section": "S0",
      "angle_start": 15.0,
      "angle_end": 75.0,
      "notes": [
        "O2",
        "O1"
      ],
      "bbox_size": [
        217.86013086900024,
        171.05126411855485,
        217.86013086900024
      ],
      "bbox_min": [
        32.69913240842016,
        -114.82020370379584,
        32.69913240842016
      ],
      "bbox_max": [
        250.5592632774204,
        56.231060414759014,
        250.5592632774204
      ],
      "fits_p1s": true,
      "n_vertices": 380236,
      "n_faces": 744626,
      "obj_path": "data/quarters/section_S0.obj",
      "stl_path": "data/quarters/section_S0.stl",
      "print_stl_path": "data/quarters/section_S0_print.stl",
      "print_rotation_deg": 0.0,
      "print_bbox_size": [
        217.86013086900024,
        171.05126411855485,
        217.86013086900024
      ],
      "print_fits_p1s": true
    },
    {
      "section": "S1",
      "angle_start": 75.0,
      "angle_end": 135.0,
      "notes": [
        "O0",
        "O11"
      ],
      "bbox_size": [
        257.63033108928585,
        170.2950626324241,
        159.62643412838355
      ],
      "bbox_min": [
        -186.01030147712373,
        -114.01750832207472,
        98.28784258493012
      ],
      "bbox_max": [
        71.62002961216213,
        56.2775543103494,
        257.91427671331365
      ],
      "fits_p1s": false,
      "n_vertices": 416644,
      "n_faces": 817881,
      "obj_path": "data/quarters/section_S1.obj",
      "stl_path": "data/quarters/section_S1.stl",
      "print_stl_path": "data/quarters/section_S1_print.stl",
      "print_rotation_deg": 150.0,
      "print_bbox_size": [
        217.86013086900022,
        170.2950626324241,
        217.86013086900024
      ],
      "print_fits_p1s": true
    },
    {
      "section": "S2",
      "angle_start": 135.0,
      "angle_end": 195.0,
      "notes": [
        "O10",
        "O9"
      ],
      "bbox_size": [
        155.1039063695249,
        171.76194239460233,
        257.6303310892859
      ],
      "bbox_min": [
        -253.391748954455,
        -116.29389857148455,
        -71.62002961216214
      ],
      "bbox_max": [
        -98.2878425849301,
        55.46804382311779,
        186.01030147712376
      ],
      "fits_p1s": false,
      "n_vertices": 421428,
      "n_faces": 826367,
      "obj_path": "data/quarters/section_S2.obj",
      "stl_path": "data/quarters/section_S2.stl",
      "print_stl_path": "data/quarters/section_S2_print.stl",
      "print_rotation_deg": 30.0,
      "print_bbox_size": [
        217.86013086900024,
        171.76194239460233,
        217.86013086900022
      ],
      "print_fits_p1s": true
    },
    {
      "section": "S3",
      "angle_start": 195.0,
      "angle_end": 255.0,
      "notes": [
        "O8",
        "O7"
      ],
      "bbox_size": [
        217.86013086900024,
        171.01074424875114,
        217.86013086900022
      ],
      "bbox_min": [
        -250.5592632774204,
        -117.80330731500732,
        -250.5592632774204
      ],
      "bbox_max": [
        -32.69913240842015,
        53.20743693374382,
        -32.69913240842017
      ],
      "fits_p1s": true,
      "n_vertices": 373232,
      "n_faces": 732413,
      "obj_path": "data/quarters/section_S3.obj",
      "stl_path": "data/quarters/section_S3.stl",
      "print_stl_path": "data/quarters/section_S3_print.stl",
      "print_rotation_deg": 0.0,
      "print_bbox_size": [
        217.86013086900024,
        171.01074424875114,
        217.86013086900022
      ],
      "print_fits_p1s": true
    },
    {
      "section": "S4",
      "angle_start": 255.0,
      "angle_end": 315.0,
      "notes": [
        "O6",
        "O5"
      ],
      "bbox_size": [
        257.6303310892858,
        170.27487586676705,
        153.42667710629337
      ],
      "bbox_min": [
        -71.6200296121621,
        -117.85754595319625,
        -251.7145196912235
      ],
      "bbox_max": [
        186.0103014771237,
        52.4173299135708,
        -98.28784258493013
      ],
      "fits_p1s": false,
      "n_vertices": 393382,
      "n_faces": 772325,
      "obj_path": "data/quarters/section_S4.obj",
      "stl_path": "data/quarters/section_S4.stl",
      "print_stl_path": "data/quarters/section_S4_print.stl",
      "print_rotation_deg": 60.0,
      "print_bbox_size": [
        217.86013086900022,
        170.27487586676705,
        217.86013086900016
      ],
      "print_fits_p1s": true
    },
    {
      "section": "S5",
      "angle_start": 315.0,
      "angle_end": 15.0,
      "notes": [
        "O4",
        "O3"
      ],
      "bbox_size": [
        157.9415007585409,
        171.76212500912584,
        257.6303310892859
      ],
      "bbox_min": [
        98.28784258493008,
        -117.08896405647783,
        -186.0103014771238
      ],
      "bbox_max": [
        256.229343343471,
        54.67316095264802,
        71.62002961216213
      ],
      "fits_p1s": false,
      "n_vertices": 445300,
      "n_faces": 873634,
      "obj_path": "data/quarters/section_S5.obj",
      "stl_path": "data/quarters/section_S5.stl",
      "print_stl_path": "data/quarters/section_S5_print.stl",
      "print_rotation_deg": 30.0,
      "print_bbox_size": [
        217.86013086900027,
        171.76212500912584,
        217.86013086900024
      ],
      "print_fits_p1s": true
    }
  ]
}